epoch,time,train/box_loss,train/seg_loss,train/cls_loss,train/l1_loss,train/sem_loss,metrics/precision(B),metrics/recall(B),metrics/mAP50(B),metrics/mAP50-95(B),metrics/precision(M),metrics/recall(M),metrics/mAP50(M),metrics/mAP50-95(M),val/box_loss,val/seg_loss,val/cls_loss,val/l1_loss,val/sem_loss,lr/pg0,lr/pg1,lr/pg2
1,992.114,2.09588,3.51311,3.21629,0.03294,2.1829,0.04933,0.64495,0.04695,0.02171,0.04804,0.62812,0.04407,0.01842,1.9697,3.36172,4.31489,0.02561,0,0.000332108,0.000332108,0.0671213
2,1912.46,1.33499,1.80529,1.2462,0.01809,1.0005,0.57418,0.45099,0.37815,0.2091,0.51358,0.39581,0.28859,0.15557,1.85068,5.56323,2.91105,0.02319,0,0.000662147,0.000662147,0.034118
3,2971.44,1.1023,1.61743,0.96581,0.01436,0.89218,0.56681,0.50534,0.38743,0.21417,0.5363,0.43321,0.26675,0.14671,1.88678,6.96585,2.54242,0.02345,0,0.000988887,0.000988887,0.00111144
4,3988.93,0.96534,1.49292,0.81022,0.01219,0.81366,0.48918,0.60731,0.44826,0.24882,0.43673,0.55068,0.35478,0.16508,1.67503,4.72436,2.92653,0.02169,0,0.00098515,0.00098515,0.00098515
5,4923.63,0.85153,1.39579,0.71583,0.01055,0.75955,0.48192,0.52603,0.37894,0.23699,0.4302,0.47425,0.31133,0.19304,1.80763,4.86655,3.17617,0.02392,0,0.0009802,0.0009802,0.0009802
6,5912.84,0.79394,1.34794,0.66707,0.00958,0.70836,0.46162,0.56154,0.37333,0.23164,0.41017,0.50255,0.29092,0.17454,1.63977,5.50513,2.93599,0.02221,0,0.00097525,0.00097525,0.00097525
7,6891.55,0.72872,1.29905,0.61423,0.00869,0.67666,0.5162,0.569,0.43226,0.25856,0.48042,0.53203,0.36592,0.20708,1.63432,5.00057,2.47752,0.0217,0,0.0009703,0.0009703,0.0009703
8,7880.48,0.71219,1.25366,0.58335,0.00845,0.64643,0.67721,0.50214,0.44127,0.28044,0.61062,0.45276,0.34538,0.21063,1.57704,4.69241,2.48316,0.02132,0,0.00096535,0.00096535,0.00096535
9,8864.69,0.66905,1.21848,0.56001,0.00774,0.63488,0.59808,0.55632,0.428,0.27225,0.52475,0.46225,0.3206,0.19374,1.55658,4.58593,2.63214,0.02116,0,0.0009604,0.0009604,0.0009604
10,9834.57,0.64389,1.19093,0.52446,0.00738,0.602,0.67825,0.52505,0.45697,0.29943,0.63491,0.48483,0.37116,0.21185,1.55246,6.10867,3.00472,0.02119,0,0.00095545,0.00095545,0.00095545
11,10813.4,0.62756,1.16416,0.51112,0.00731,0.60111,0.45198,0.61699,0.46,0.28101,0.36523,0.49662,0.3466,0.17457,1.65506,6.04231,2.62082,0.02189,0,0.0009505,0.0009505,0.0009505
12,11791,0.61661,1.15024,0.50201,0.00706,0.59611,0.48214,0.55685,0.37891,0.22042,0.39274,0.45359,0.2586,0.13646,1.49271,5.82978,2.76949,0.0204,0,0.00094555,0.00094555,0.00094555
13,12781.7,0.59732,1.14745,0.4832,0.00682,0.56713,0.63847,0.54095,0.46672,0.28177,0.5629,0.45305,0.34632,0.19565,1.65602,5.32864,2.7091,0.02323,0,0.0009406,0.0009406,0.0009406
14,13830,0.59136,1.13705,0.48146,0.00678,0.58047,0.68417,0.57886,0.49269,0.31767,0.61088,0.50355,0.38821,0.2369,1.64885,5.63887,2.4511,0.02232,0,0.00093565,0.00093565,0.00093565
15,14814.5,0.57031,1.10743,0.47486,0.00643,0.56122,0.5997,0.5317,0.42662,0.26426,0.5172,0.46222,0.34066,0.18628,1.76765,5.65729,2.54621,0.02322,0,0.0009307,0.0009307,0.0009307
16,15798.1,0.56202,1.09925,0.46446,0.00631,0.56025,0.60999,0.51247,0.40391,0.26172,0.54256,0.45347,0.32574,0.20208,1.83805,6.22237,2.41983,0.0244,0,0.00092575,0.00092575,0.00092575
17,16807.3,0.55446,1.09976,0.45363,0.00614,0.55385,0.6204,0.40855,0.39456,0.22642,0.5376,0.34055,0.28766,0.15977,1.73415,5.23859,2.62735,0.02327,0,0.0009208,0.0009208,0.0009208
18,17795.6,0.5407,1.0801,0.44459,0.00605,0.53963,0.53404,0.46727,0.39429,0.23518,0.54019,0.32921,0.29073,0.16816,1.92522,6.0763,2.85546,0.02522,0,0.00091585,0.00091585,0.00091585
19,18891.8,0.53607,1.07454,0.43072,0.006,0.53303,0.63268,0.54407,0.45638,0.2983,0.55982,0.47531,0.36804,0.22053,1.67088,5.46925,2.5998,0.02163,0,0.0009109,0.0009109,0.0009109
20,19987.3,0.53078,1.07739,0.42836,0.00606,0.53238,0.62731,0.54186,0.43891,0.28093,0.56522,0.50464,0.36785,0.20738,1.61397,5.86706,2.5626,0.02182,0,0.00090595,0.00090595,0.00090595
21,20963.9,0.52002,1.05551,0.41998,0.0058,0.52167,0.62493,0.53993,0.44362,0.27615,0.53581,0.45526,0.34752,0.19634,1.62003,5.56091,2.61927,0.02142,0,0.000901,0.000901,0.000901
22,21942.1,0.51019,1.04243,0.41032,0.00566,0.51831,0.63916,0.54592,0.4496,0.28025,0.53662,0.45737,0.35432,0.2047,1.55765,5.79152,2.68225,0.02157,0,0.00089605,0.00089605,0.00089605
23,22923,0.50871,1.04062,0.4124,0.00567,0.51422,0.60867,0.58289,0.44914,0.28532,0.54673,0.52517,0.36873,0.21027,1.85171,5.99362,2.32714,0.02317,0,0.0008911,0.0008911,0.0008911
24,23976.8,0.50343,1.04157,0.40582,0.00554,0.51928,0.60964,0.54028,0.42077,0.25417,0.50719,0.45071,0.31822,0.16793,1.72102,6.02586,2.76711,0.02197,0,0.00088615,0.00088615,0.00088615
25,24876.2,0.48884,1.0321,0.39763,0.00542,0.50991,0.5978,0.4844,0.41062,0.24239,0.41254,0.46879,0.30035,0.16207,1.57285,6.34494,2.83841,0.02111,0,0.0008812,0.0008812,0.0008812
26,25856.2,0.49279,1.01609,0.3999,0.00538,0.50592,0.69344,0.56081,0.46442,0.29814,0.60698,0.49199,0.36813,0.20374,1.73857,6.90544,2.39214,0.02248,0,0.00087625,0.00087625,0.00087625
27,26833.9,0.48704,1.0227,0.39785,0.00531,0.50466,0.60753,0.54213,0.43959,0.26651,0.508,0.44028,0.31692,0.18968,1.7599,6.34608,2.70349,0.02351,0,0.0008713,0.0008713,0.0008713
28,27815.5,0.48359,1.00369,0.39789,0.00532,0.49097,0.60588,0.55836,0.43848,0.27181,0.50025,0.46727,0.32995,0.17578,1.6549,6.03094,2.48519,0.02193,0,0.00086635,0.00086635,0.00086635
29,28789.4,0.46771,0.99482,0.37565,0.0051,0.4768,0.61122,0.54107,0.4231,0.26374,0.51657,0.45882,0.32611,0.17463,1.81541,6.34496,2.61398,0.02349,0,0.0008614,0.0008614,0.0008614
30,29768.5,0.46849,0.99579,0.38128,0.00512,0.49809,0.59674,0.50989,0.416,0.2518,0.49345,0.42192,0.31573,0.16445,1.79865,6.22233,2.71705,0.02276,0,0.00085645,0.00085645,0.00085645
31,30755.9,0.46709,1.00359,0.38557,0.00508,0.48805,0.61259,0.55102,0.42662,0.26274,0.5064,0.45667,0.3251,0.1784,1.66217,6.57355,2.7873,0.02196,0,0.0008515,0.0008515,0.0008515
32,31778.2,0.46704,1.00083,0.38129,0.00507,0.49693,0.63387,0.53885,0.4508,0.2815,0.53905,0.45793,0.34859,0.19083,1.55757,6.10463,2.82486,0.0213,0,0.00084655,0.00084655,0.00084655
33,32719.7,0.46099,0.99345,0.37161,0.00501,0.48486,0.6115,0.51289,0.42512,0.26439,0.51399,0.43261,0.33283,0.1812,1.76317,6.97006,2.72448,0.02305,0,0.0008416,0.0008416,0.0008416
34,33691.7,0.4546,0.98573,0.363,0.00495,0.47218,0.5876,0.54286,0.41876,0.25578,0.48216,0.44695,0.31516,0.16939,1.70818,6.98258,2.84512,0.02285,0,0.00083665,0.00083665,0.00083665
35,34673.6,0.44657,0.97229,0.36197,0.00483,0.47211,0.60847,0.52613,0.42288,0.24913,0.50606,0.4387,0.31909,0.1616,1.67315,6.44317,2.91804,0.02228,0,0.0008317,0.0008317,0.0008317
36,35654,0.44604,0.9743,0.36706,0.00481,0.47438,0.6092,0.54255,0.42721,0.26287,0.5113,0.47,0.33024,0.17446,1.68312,5.98338,2.87085,0.02249,0,0.00082675,0.00082675,0.00082675
37,36644.4,0.44501,0.96387,0.36399,0.00482,0.46384,0.59359,0.55268,0.42232,0.25778,0.48805,0.46612,0.31954,0.16961,1.71644,6.37174,2.7662,0.02318,0,0.0008218,0.0008218,0.0008218
38,37618.8,0.43513,0.97031,0.35368,0.00471,0.45995,0.60276,0.54593,0.4151,0.25357,0.50239,0.45957,0.31814,0.17005,1.76657,6.31675,2.80564,0.02322,0,0.00081685,0.00081685,0.00081685
39,38614.5,0.44269,0.97144,0.35932,0.00474,0.47644,0.61294,0.54458,0.4189,0.25969,0.50803,0.45541,0.31889,0.17092,1.6749,6.24225,2.90491,0.02208,0,0.0008119,0.0008119,0.0008119
40,39606.6,0.42852,0.95844,0.34985,0.00463,0.46381,0.60144,0.5313,0.4139,0.25445,0.49363,0.43733,0.31309,0.17195,1.80087,6.53608,2.95814,0.02315,0,0.00080695,0.00080695,0.00080695
41,40598.6,0.43115,0.94515,0.35004,0.00468,0.4545,0.60894,0.53163,0.4175,0.25291,0.50138,0.43995,0.31635,0.16663,1.59264,6.42823,3.06667,0.02174,0,0.000802,0.000802,0.000802
42,41570.3,0.42604,0.93898,0.34283,0.00456,0.45544,0.59811,0.51505,0.4172,0.25925,0.49408,0.42718,0.3211,0.16726,1.6408,6.28038,2.93422,0.02228,0,0.00079705,0.00079705,0.00079705
43,42534.4,0.42482,0.95447,0.35288,0.00463,0.46209,0.60969,0.53336,0.42604,0.26083,0.50603,0.44425,0.32422,0.17005,1.63618,6.50367,2.93734,0.02255,0,0.0007921,0.0007921,0.0007921
44,43513.6,0.4155,0.93447,0.33909,0.00446,0.4476,0.6034,0.52052,0.40275,0.24105,0.49825,0.43103,0.30383,0.15855,1.64763,6.49293,3.06781,0.02276,0,0.00078715,0.00078715,0.00078715
45,44484.4,0.41165,0.9348,0.33898,0.00446,0.44462,0.60466,0.50175,0.39344,0.23654,0.49934,0.41525,0.29491,0.15728,1.61268,6.48345,3.22544,0.02227,0,0.0007822,0.0007822,0.0007822
46,45538.6,0.41766,0.94789,0.34441,0.00445,0.4429,0.60533,0.4973,0.39746,0.24055,0.50094,0.41274,0.3011,0.15516,1.61117,6.49762,3.18144,0.02199,0,0.00077725,0.00077725,0.00077725
47,46439.4,0.40976,0.92844,0.3381,0.00435,0.4458,0.60529,0.49466,0.39726,0.23988,0.50168,0.41159,0.30082,0.15633,1.6476,6.41437,3.20437,0.02244,0,0.0007723,0.0007723,0.0007723
48,47410.3,0.41044,0.92583,0.33366,0.00437,0.43692,0.60121,0.4923,0.40355,0.24451,0.50257,0.4145,0.31065,0.15892,1.6338,6.40665,3.23692,0.02236,0,0.00076735,0.00076735,0.00076735
49,48389.6,0.40565,0.92372,0.3307,0.00433,0.44532,0.59369,0.49114,0.39763,0.24159,0.49958,0.41438,0.30889,0.15713,1.6502,6.37185,3.23192,0.02242,0,0.0007624,0.0007624,0.0007624
50,49391.7,0.41494,0.9273,0.33861,0.00441,0.43692,0.59138,0.49068,0.39521,0.24151,0.49664,0.41335,0.30622,0.15677,1.63007,6.27169,3.17888,0.02221,0,0.00075745,0.00075745,0.00075745
51,50387.2,0.40473,0.93146,0.32967,0.00434,0.4487,0.59098,0.47531,0.39413,0.23757,0.42963,0.45435,0.30152,0.15359,1.64282,6.29287,3.15932,0.02229,0,0.0007525,0.0007525,0.0007525
52,51381.9,0.39402,0.9174,0.3227,0.00414,0.43476,0.59496,0.47422,0.39393,0.23978,0.39839,0.49724,0.30372,0.15661,1.62941,6.30064,3.19708,0.02217,0,0.00074755,0.00074755,0.00074755
53,52364.7,0.40054,0.92736,0.32766,0.00424,0.43271,0.59225,0.47812,0.38966,0.23585,0.42999,0.4553,0.29938,0.15427,1.63535,6.39807,3.2021,0.02226,0,0.0007426,0.0007426,0.0007426
54,53373.8,0.39539,0.90849,0.32431,0.00417,0.42677,0.59233,0.48453,0.38827,0.23405,0.42988,0.45648,0.29583,0.1519,1.62819,6.4614,3.19253,0.02226,0,0.00073765,0.00073765,0.00073765
